1,CH-1995-1
2,CH-1995-3
3,E-1995-4
4,E-1995-7
5,E-1995-19
6,E-1995-23
7,E-1995-34
8,I-1995-2
9,I-1995-12
10,I-1995-19
11,E-1996-7
12,E-1996-9
13,Blue Poster
14,Connection
15,Decor
16,Doll's House
17,Eve
18,Glass
19,Green Wall
20,NL-1997-1
21,Pit
22,Soil
23,Wood
24,Contour
25,13 Aeroplanes
26,A Moon
27,Bay Area
28,Constellation
29,Double Mist
30,H2O
31,High Pool
32,Landscape
33,Long Beach
34,Meander
35,Neon
36,Suburb
37,Transit
38,Water
39,Apartment
40,3 Piano
41,Avenue
42,Block
43,Circuit
44,Corridor
45,Interval
46,Set
47,Transfer
48,Descent
49,Balance
50,Complex
51,Court
52,Facade
53,Flow
54,Home
55,Neighbourhood
56,Spot
57,Capital
58,Parallel
59,Exit
60,Ground
61,Passing
62,Setting
63,Still
64,Building
65,Expo
66,Flux
67,Intersection
68,Two Sixty Four
69,Domicile
70,Park 
71,Gate
72,Mezzanine
73,Quarter
74,Terrace
75,Tube
76,Intermezzo
77,Info
78,Tour
79,Midi
80,Lille
81,Metro
82,Etage
83,Platform
84,Habitat
85,Annex
86,Column
87,Crop
88,Focus
89,Grid
90,Lobby
91,Model
92,Plateau
93,Prospect
94,Nexus
95,Level
96,Gazette
97,Plan
98,Frame
99,Section
100,Facet
101,Class
102,Panorama
103,Sequence
104,Palace
105,Link
106,Gallery
107,Front
108,Canvas
109,Match
110,Scene
111,Module
112,Zone
113,Loop
114,Enterprise
115,Display
116,Enclave
117,Domain
118,Room
119,Core
120,Palette
121,Queue
122,Unit
123,Reservoir
124,Image
125,Regime
126,Border
127,Storey
128,Circle
129,Memo
130,Contact
131,Collage
132,Filter
133,Corner
134,Bloom
135,Fringe
136,Array
137,Cycle
138,Interlude
139,Studio
140,Arcade
141,Mirage
142,Sector
143,Entrance
144,Square
145,Screen
146,Network
147,Presence
148,Exposure
149,Base
150,Center
151,Access
152,Aperture
153,Detail
154,Dynasty
155,Living
156,Passage
157,Bouquet
158,Forum
159,House
160,Territory
161,Labyrinth
162,Cluster
163,Atmosphere
164,Volume
165,Support
166,Junction
167,Spectrum
168,Replica
169,Control
170,Nature
171,Project
172,Property
173,Summit
174,Transition
175,Site
176,Matrix
177,Monitor
178,Flood
179,Picture a Mirror
180,Matter
181,Play
182,Race
183,Condominium
184,The English House
185,Green Zone
186,SuperVision
187,China Halo
188,Crossover
189,Premises (in Red)
190,One Brilliant Complex
191,The Approach
192,Double Standard
193,Plot Ratio
194,Synchronicity
195,Costa Blanca
196,Flatland
197,Hotel Opportunity
198,Mission Interlude
199,Multi Story Building
200,Timeport
201,Hollywood
202,Megalopolis
203,Paramount
204,Thriller
205,Capital no Capital
206,California
207,Levante
208,Propitious Grounds
209,The Strip
210,Treasure Gathering Square
211,The Crossroads
212,The Deal
213,Panacea
214,Wonderland
215,Momentum
216,The Next Level
217,UN
218,Entr'acte
219,Performance
220,The Valley Continuum